,Edit,Resistance Dist.,DeltaCon,NetSimile,Lambda (Adjacency),Lambda (Laplacian),Lambda (Normalized Laplacian)
0,0.0002219676971435547,0.0071370601654052734,0.0031900405883789062,0.20867276191711426,0.011837959289550781,0.012045860290527344,0.011658906936645508
1,9.799003601074219e-05,0.0069980621337890625,0.003913164138793945,0.23319697380065918,0.010657072067260742,0.010953187942504883,0.013625860214233398
2,9.703636169433594e-05,0.007148027420043945,0.003665924072265625,0.21476507186889648,0.011120080947875977,0.010303020477294922,0.012165069580078125
3,0.0007619857788085938,0.006760120391845703,0.003269195556640625,0.22272682189941406,0.01080775260925293,0.011308908462524414,0.012212991714477539
4,8.511543273925781e-05,0.006941080093383789,0.008571147918701172,0.2362070083618164,0.011349678039550781,0.012265920639038086,0.013137102127075195
5,8.296966552734375e-05,0.006948232650756836,0.00487208366394043,0.21880483627319336,0.01653289794921875,0.012345075607299805,0.011891841888427734
6,7.081031799316406e-05,0.0067310333251953125,0.0037212371826171875,0.19940185546875,0.013648033142089844,0.010551214218139648,0.012145042419433594
7,0.00042891502380371094,0.006659030914306641,0.0029120445251464844,0.21255183219909668,0.01165318489074707,0.012459993362426758,0.011991024017333984
8,8.797645568847656e-05,0.006229877471923828,0.0038573741912841797,0.24088239669799805,0.011719942092895508,0.011568069458007812,0.011909246444702148
9,0.00014901161193847656,0.0070149898529052734,0.0036432743072509766,0.25588083267211914,0.019025087356567383,0.010723114013671875,0.011824846267700195
10,8.916854858398438e-05,0.0067081451416015625,0.005223989486694336,0.20601487159729004,0.015120744705200195,0.01144099235534668,0.011835098266601562
11,7.700920104980469e-05,0.006713151931762695,0.005415916442871094,0.22481799125671387,0.011367082595825195,0.01146697998046875,0.01199483871459961
12,9.298324584960938e-05,0.00666499137878418,0.0033559799194335938,0.23390603065490723,0.017177104949951172,0.010888814926147461,0.013055086135864258
13,8.296966552734375e-05,0.006707906723022461,0.003837108612060547,0.19376611709594727,0.012295961380004883,0.010581016540527344,0.012032032012939453
14,9.703636169433594e-05,0.006710052490234375,0.003397226333618164,0.20795702934265137,0.011126995086669922,0.010821104049682617,0.01188039779663086
15,8.392333984375e-05,0.007246732711791992,0.0027227401733398438,0.20586204528808594,0.013425111770629883,0.010638236999511719,0.013487815856933594
16,8.988380432128906e-05,0.007241964340209961,0.0034880638122558594,0.20866775512695312,0.011521100997924805,0.012085914611816406,0.011474847793579102
17,8.296966552734375e-05,0.006766796112060547,0.0040781497955322266,0.22115707397460938,0.011230945587158203,0.010522127151489258,0.011854887008666992
18,7.82012939453125e-05,0.0069539546966552734,0.0033559799194335938,0.21234607696533203,0.011108875274658203,0.01067805290222168,0.011548280715942383
19,9.393692016601562e-05,0.006719112396240234,0.0026717185974121094,0.20064520835876465,0.017882823944091797,0.010190010070800781,0.011640071868896484
20,8.702278137207031e-05,0.0068111419677734375,0.006530046463012695,0.18901991844177246,0.011986017227172852,0.010394096374511719,0.011662006378173828
21,8.797645568847656e-05,0.006563901901245117,0.004045009613037109,0.2872791290283203,0.01093602180480957,0.009860992431640625,0.011758089065551758
22,8.392333984375e-05,0.006491899490356445,0.0031461715698242188,0.24369502067565918,0.010482072830200195,0.010419368743896484,0.011785030364990234
23,9.799003601074219e-05,0.006761074066162109,0.003634929656982422,0.19161224365234375,0.01063990592956543,0.010231733322143555,0.011799097061157227
24,8.797645568847656e-05,0.00666499137878418,0.004049062728881836,0.21921300888061523,0.010116815567016602,0.010256290435791016,0.011699914932250977
25,9.083747863769531e-05,0.007053852081298828,0.003008127212524414,0.22250080108642578,0.010416269302368164,0.01044917106628418,0.011887788772583008
26,0.00016307830810546875,0.00668787956237793,0.002959728240966797,0.21822428703308105,0.009970903396606445,0.010487079620361328,0.01619410514831543
27,9.083747863769531e-05,0.00707697868347168,0.0027022361755371094,0.19742584228515625,0.013047218322753906,0.010173797607421875,0.012944936752319336
28,8.20159912109375e-05,0.007358074188232422,0.0026671886444091797,0.22609782218933105,0.011032819747924805,0.010401010513305664,0.011867046356201172
29,8.273124694824219e-05,0.007464170455932617,0.0028400421142578125,0.20012211799621582,0.013093233108520508,0.010312318801879883,0.012145042419433594
30,9.226799011230469e-05,0.007243633270263672,0.002662181854248047,0.23012399673461914,0.010530710220336914,0.010699987411499023,0.012147903442382812
31,0.000125885009765625,0.007439136505126953,0.0027060508728027344,0.22086095809936523,0.011008977890014648,0.010434865951538086,0.011837005615234375
32,9.012222290039062e-05,0.0071680545806884766,0.0026628971099853516,0.2299959659576416,0.010144948959350586,0.010043859481811523,0.011821746826171875
33,7.486343383789062e-05,0.009994029998779297,0.0027151107788085938,0.21025419235229492,0.010401010513305664,0.010096311569213867,0.011991024017333984
34,6.914138793945312e-05,0.008092880249023438,0.002665996551513672,0.21227312088012695,0.010245800018310547,0.00999903678894043,0.011732101440429688
35,6.914138793945312e-05,0.006654024124145508,0.002644062042236328,0.22658777236938477,0.010270118713378906,0.012474775314331055,0.012581825256347656
36,9.083747863769531e-05,0.00769495964050293,0.0027561187744140625,0.19487285614013672,0.010698080062866211,0.010195016860961914,0.01271200180053711
37,9.012222290039062e-05,0.0075130462646484375,0.0028009414672851562,0.20900392532348633,0.010563135147094727,0.010431051254272461,0.012246847152709961
38,8.7738037109375e-05,0.006470918655395508,0.002905130386352539,0.20255708694458008,0.011728763580322266,0.010515213012695312,0.013031959533691406
39,6.914138793945312e-05,0.0066411495208740234,0.002905130386352539,0.2292652130126953,0.015118122100830078,0.01050424575805664,0.014400959014892578
40,7.390975952148438e-05,0.007797718048095703,0.0027048587799072266,0.2036759853363037,0.010769128799438477,0.010220050811767578,0.012063980102539062
41,7.224082946777344e-05,0.007529020309448242,0.0026199817657470703,0.20722603797912598,0.010460138320922852,0.01008296012878418,0.01264810562133789
42,7.700920104980469e-05,0.0068149566650390625,0.002694845199584961,0.23638081550598145,0.01028585433959961,0.010096073150634766,0.013538122177124023
43,6.508827209472656e-05,0.00687098503112793,0.002733945846557617,0.20555710792541504,0.011046886444091797,0.010313987731933594,0.011934041976928711
44,7.605552673339844e-05,0.006940126419067383,0.002973794937133789,0.2277071475982666,0.011248111724853516,0.010411977767944336,0.013528823852539062
45,6.771087646484375e-05,0.006877899169921875,0.0029120445251464844,0.25193023681640625,0.011450052261352539,0.010107755661010742,0.012178897857666016
46,7.295608520507812e-05,0.006883144378662109,0.0027358531951904297,0.2172691822052002,0.012109041213989258,0.010070085525512695,0.012248039245605469
47,6.914138793945312e-05,0.0068378448486328125,0.0026450157165527344,0.23654890060424805,0.01058506965637207,0.011384010314941406,0.011569976806640625
48,6.008148193359375e-05,0.0068552494049072266,0.0026760101318359375,0.21098017692565918,0.011374235153198242,0.010987043380737305,0.011696100234985352
49,8.797645568847656e-05,0.006545066833496094,0.002596139907836914,0.18969011306762695,0.01223301887512207,0.010725021362304688,0.011612176895141602
50,8.416175842285156e-05,0.00642704963684082,0.002657175064086914,0.19070887565612793,0.010441303253173828,0.011860132217407227,0.01192021369934082
51,7.82012939453125e-05,0.006757974624633789,0.0026769638061523438,0.22063088417053223,0.009963035583496094,0.011731863021850586,0.011977910995483398
52,6.699562072753906e-05,0.006949901580810547,0.0029401779174804688,0.2051839828491211,0.012083053588867188,0.011609792709350586,0.011527061462402344
53,7.605552673339844e-05,0.0067670345306396484,0.0028247833251953125,0.20333075523376465,0.010801076889038086,0.010184049606323242,0.011574983596801758
54,6.794929504394531e-05,0.006704092025756836,0.0026900768280029297,0.19079804420471191,0.010374069213867188,0.012082815170288086,0.012052059173583984
55,7.700920104980469e-05,0.0067098140716552734,0.002874135971069336,0.1910109519958496,0.010334968566894531,0.01061558723449707,0.011935234069824219
56,6.699562072753906e-05,0.00663304328918457,0.003111124038696289,0.22181296348571777,0.011597633361816406,0.010751008987426758,0.011625289916992188
57,6.890296936035156e-05,0.006701946258544922,0.0032258033752441406,0.20499920845031738,0.010937690734863281,0.011312246322631836,0.011739015579223633
58,6.198883056640625e-05,0.006867885589599609,0.0043981075286865234,0.200761079788208,0.009924173355102539,0.010820865631103516,0.01187896728515625
59,6.389617919921875e-05,0.0063288211822509766,0.002833843231201172,0.2507750988006592,0.010020256042480469,0.011109113693237305,0.012189865112304688
60,5.888938903808594e-05,0.006599903106689453,0.0026776790618896484,0.20350122451782227,0.009881973266601562,0.010685205459594727,0.011760950088500977
61,7.343292236328125e-05,0.006752967834472656,0.002841949462890625,0.2008650302886963,0.009641885757446289,0.010520219802856445,0.011667966842651367
62,6.818771362304688e-05,0.0068018436431884766,0.002830982208251953,0.203643798828125,0.010462045669555664,0.010553121566772461,0.012758016586303711
63,6.604194641113281e-05,0.006786823272705078,0.0031709671020507812,0.20894479751586914,0.01026010513305664,0.01087498664855957,0.011678934097290039
64,6.389617919921875e-05,0.006819009780883789,0.0027692317962646484,0.21647381782531738,0.010162115097045898,0.010668039321899414,0.011863946914672852
65,8.606910705566406e-05,0.0066738128662109375,0.002874135971069336,0.19221806526184082,0.00984811782836914,0.010717153549194336,0.01171565055847168
66,7.009506225585938e-05,0.0068361759185791016,0.0027039051055908203,0.2271888256072998,0.010622024536132812,0.011078119277954102,0.011862993240356445
67,6.580352783203125e-05,0.006696939468383789,0.002786874771118164,0.20853567123413086,0.012083053588867188,0.010841131210327148,0.012079715728759766
68,6.508827209472656e-05,0.0066988468170166016,0.00337982177734375,0.21748089790344238,0.010033130645751953,0.01022195816040039,0.012163877487182617
69,6.914138793945312e-05,0.007164955139160156,0.0033540725708007812,0.20307278633117676,0.010417938232421875,0.010380029678344727,0.011900186538696289
70,8.296966552734375e-05,0.006707906723022461,0.0035028457641601562,0.2174689769744873,0.009937763214111328,0.01082921028137207,0.011801719665527344
71,0.00012493133544921875,0.006649971008300781,0.0028569698333740234,0.20607900619506836,0.01012110710144043,0.01379084587097168,0.012102842330932617
72,8.7738037109375e-05,0.006850719451904297,0.002853870391845703,0.19775795936584473,0.01006317138671875,0.013221025466918945,0.011947154998779297
73,8.296966552734375e-05,0.006139039993286133,0.0031769275665283203,0.24425220489501953,0.010320901870727539,0.012378215789794922,0.012933731079101562
74,9.918212890625e-05,0.007030010223388672,0.0034439563751220703,0.22310805320739746,0.010452032089233398,0.010487079620361328,0.012259244918823242
75,8.606910705566406e-05,0.006807088851928711,0.003342151641845703,0.20558381080627441,0.01051020622253418,0.012210845947265625,0.012772083282470703
76,0.00012803077697753906,0.006760835647583008,0.003576040267944336,0.18315505981445312,0.01043081283569336,0.011931896209716797,0.014247894287109375
77,0.000125885009765625,0.006769895553588867,0.004060983657836914,0.22514104843139648,0.010331153869628906,0.01288294792175293,0.013761043548583984
78,0.00014019012451171875,0.0068738460540771484,0.0030982494354248047,0.19766712188720703,0.009920835494995117,0.012911081314086914,0.011946678161621094
79,0.0001201629638671875,0.006856203079223633,0.0033080577850341797,0.20100975036621094,0.010551929473876953,0.010883808135986328,0.017220020294189453
80,0.00010323524475097656,0.006793975830078125,0.0037949085235595703,0.20489192008972168,0.00993490219116211,0.012416839599609375,0.012597084045410156
81,9.083747863769531e-05,0.007149934768676758,0.0036978721618652344,0.19991803169250488,0.009798049926757812,0.01098179817199707,0.01172494888305664
82,8.606910705566406e-05,0.00712895393371582,0.0031189918518066406,0.20713591575622559,0.009977102279663086,0.011873006820678711,0.01183009147644043
83,8.606910705566406e-05,0.006835222244262695,0.0026869773864746094,0.20422911643981934,0.009961843490600586,0.010837078094482422,0.013231754302978516
84,8.7738037109375e-05,0.007074117660522461,0.0027229785919189453,0.20523595809936523,0.010025978088378906,0.011188030242919922,0.012038946151733398
85,9.083747863769531e-05,0.007781028747558594,0.0027430057525634766,0.24320626258850098,0.010310173034667969,0.010385751724243164,0.011760950088500977
86,0.000102996826171875,0.007682085037231445,0.002749919891357422,0.2058558464050293,0.01003408432006836,0.010367870330810547,0.012004852294921875
87,0.00018095970153808594,0.007848739624023438,0.0035369396209716797,0.18871188163757324,0.010035991668701172,0.010796070098876953,0.012243986129760742
88,7.605552673339844e-05,0.006597042083740234,0.0036530494689941406,0.21114015579223633,0.009773969650268555,0.011947154998779297,0.012040853500366211
89,9.703636169433594e-05,0.007063150405883789,0.0029718875885009766,0.20811796188354492,0.01043391227722168,0.011677980422973633,0.011797189712524414
90,7.510185241699219e-05,0.007305145263671875,0.002702951431274414,0.19753193855285645,0.010689973831176758,0.017740726470947266,0.011896133422851562
91,6.723403930664062e-05,0.007447004318237305,0.002588033676147461,0.20676589012145996,0.011288166046142578,0.014611959457397461,0.0119781494140625
92,7.295608520507812e-05,0.0067901611328125,0.002699136734008789,0.2003779411315918,0.010457992553710938,0.012331962585449219,0.01219797134399414
93,6.413459777832031e-05,0.006796121597290039,0.0026388168334960938,0.20041298866271973,0.010368108749389648,0.012359857559204102,0.011820077896118164
94,7.510185241699219e-05,0.008270978927612305,0.0029900074005126953,0.2109370231628418,0.010906696319580078,0.010543107986450195,0.01171875
95,6.699562072753906e-05,0.00722813606262207,0.002710103988647461,0.21201419830322266,0.012502908706665039,0.011990070343017578,0.011606931686401367
96,6.794929504394531e-05,0.008476972579956055,0.0027158260345458984,0.24031305313110352,0.01038217544555664,0.010834932327270508,0.011984109878540039
97,7.486343383789062e-05,0.0068700313568115234,0.0025801658630371094,0.18048310279846191,0.011956930160522461,0.010830163955688477,0.012015819549560547
98,6.914138793945312e-05,0.006798982620239258,0.002852916717529297,0.2182750701904297,0.011076927185058594,0.010730981826782227,0.012122869491577148
99,7.176399230957031e-05,0.006928920745849609,0.0032138824462890625,0.17764592170715332,0.009788036346435547,0.010100126266479492,0.011754035949707031
100,7.700920104980469e-05,0.007509946823120117,0.0026569366455078125,0.2089250087738037,0.011266231536865234,0.011434078216552734,0.01204991340637207
101,6.794929504394531e-05,0.006711244583129883,0.0027348995208740234,0.21434235572814941,0.011240005493164062,0.010909795761108398,0.012099742889404297
102,7.510185241699219e-05,0.0066738128662109375,0.002691984176635742,0.21929693222045898,0.01026606559753418,0.010710954666137695,0.011652231216430664
103,6.508827209472656e-05,0.0066640377044677734,0.0028400421142578125,0.20406675338745117,0.009992837905883789,0.013171911239624023,0.01158285140991211
104,6.29425048828125e-05,0.006661891937255859,0.002862215042114258,0.19753599166870117,0.011423110961914062,0.011970996856689453,0.011677265167236328
105,7.081031799316406e-05,0.0066869258880615234,0.002858877182006836,0.20891785621643066,0.010088920593261719,0.01111602783203125,0.012015104293823242
106,6.413459777832031e-05,0.006453037261962891,0.003162860870361328,0.20332574844360352,0.010571002960205078,0.012372016906738281,0.011842012405395508
107,7.390975952148438e-05,0.006798267364501953,0.0028111934661865234,0.20040273666381836,0.010921001434326172,0.011819839477539062,0.012266874313354492
108,7.486343383789062e-05,0.0067729949951171875,0.003342151641845703,0.2210838794708252,0.010286092758178711,0.010677814483642578,0.011485099792480469
109,7.295608520507812e-05,0.006635904312133789,0.0026879310607910156,0.21984601020812988,0.010746955871582031,0.01071786880493164,0.011858940124511719
110,6.604194641113281e-05,0.0068318843841552734,0.0027170181274414062,0.2184600830078125,0.010711193084716797,0.01247096061706543,0.011687278747558594
111,6.198883056640625e-05,0.0067288875579833984,0.002698183059692383,0.19263315200805664,0.011548042297363281,0.011868715286254883,0.012130975723266602
112,7.319450378417969e-05,0.006685018539428711,0.0026831626892089844,0.2105729579925537,0.01046609878540039,0.016328096389770508,0.011613130569458008
113,6.794929504394531e-05,0.006776094436645508,0.002959012985229492,0.19460582733154297,0.010242938995361328,0.014427900314331055,0.015403985977172852
114,6.29425048828125e-05,0.006461381912231445,0.002974987030029297,0.19348573684692383,0.010130167007446289,0.011175870895385742,0.01269221305847168
115,6.389617919921875e-05,0.00751805305480957,0.0026328563690185547,0.20032691955566406,0.01038503646850586,0.012307882308959961,0.013724327087402344
116,0.00010609626770019531,0.007493019104003906,0.002641916275024414,0.22578668594360352,0.010988950729370117,0.011352777481079102,0.012124061584472656
117,9.417533874511719e-05,0.006479978561401367,0.0027289390563964844,0.1996779441833496,0.011985301971435547,0.010653972625732422,0.012944936752319336
118,8.702278137207031e-05,0.0071048736572265625,0.002707958221435547,0.19818377494812012,0.011669158935546875,0.011333942413330078,0.01420283317565918
119,8.392333984375e-05,0.006869077682495117,0.0032210350036621094,0.22246718406677246,0.01152491569519043,0.011584997177124023,0.013664960861206055
120,7.987022399902344e-05,0.006849050521850586,0.0028619766235351562,0.196821928024292,0.012272834777832031,0.010807037353515625,0.012444019317626953
121,8.082389831542969e-05,0.007730007171630859,0.003313779830932617,0.22607779502868652,0.010187864303588867,0.010711193084716797,0.014564752578735352
122,7.891654968261719e-05,0.007832765579223633,0.0029098987579345703,0.22116518020629883,0.011322021484375,0.01089620590209961,0.011842727661132812
123,8.988380432128906e-05,0.008527278900146484,0.0031740665435791016,0.20366692543029785,0.012723922729492188,0.012489080429077148,0.013821840286254883
124,0.0001010894775390625,0.008243799209594727,0.0026988983154296875,0.19377899169921875,0.011492013931274414,0.015259981155395508,0.01218414306640625
125,0.00010323524475097656,0.009946823120117188,0.002699136734008789,0.1808309555053711,0.012289762496948242,0.011749029159545898,0.011970758438110352
126,0.0001220703125,0.006653785705566406,0.002766132354736328,0.2126011848449707,0.010746240615844727,0.011609077453613281,0.01212620735168457
127,9.322166442871094e-05,0.006669044494628906,0.002611875534057617,0.2014598846435547,0.010432958602905273,0.013684988021850586,0.011717081069946289
128,0.00011682510375976562,0.006224870681762695,0.002792835235595703,0.19271111488342285,0.01164102554321289,0.0371251106262207,0.011655092239379883
129,8.082389831542969e-05,0.007103919982910156,0.0028409957885742188,0.20738816261291504,0.012142181396484375,0.015101909637451172,0.011979103088378906
130,0.0001399517059326172,0.007059812545776367,0.002827882766723633,0.21242523193359375,0.012181997299194336,0.10155177116394043,0.012079954147338867
131,0.00013709068298339844,0.006786823272705078,0.0025839805603027344,0.19554781913757324,0.010308980941772461,0.025548696517944336,0.012809991836547852
132,9.012222290039062e-05,0.00678706169128418,0.0026400089263916016,0.20060276985168457,0.01109004020690918,0.029550790786743164,0.012398719787597656
133,9.799003601074219e-05,0.006818056106567383,0.0025482177734375,0.22024178504943848,0.012601852416992188,0.01858210563659668,0.011980772018432617
134,0.0004107952117919922,0.007061004638671875,0.002786874771118164,0.2411646842956543,0.013191938400268555,0.014091014862060547,0.011616945266723633
135,8.082389831542969e-05,0.006910085678100586,0.002627134323120117,0.19489693641662598,0.011116981506347656,0.011687278747558594,0.011924028396606445
136,8.392333984375e-05,0.006719112396240234,0.002747774124145508,0.2027280330657959,0.010256290435791016,0.011153221130371094,0.012227058410644531
137,8.392333984375e-05,0.007008075714111328,0.00286102294921875,0.19985413551330566,0.0120849609375,0.014269113540649414,0.01228475570678711
138,8.893013000488281e-05,0.007105112075805664,0.0028481483459472656,0.20074820518493652,0.010687112808227539,0.020489931106567383,0.011919975280761719
139,9.202957153320312e-05,0.006953001022338867,0.002599954605102539,0.19463491439819336,0.01111602783203125,0.015986919403076172,0.012072086334228516
140,7.987022399902344e-05,0.0067441463470458984,0.002707958221435547,0.21911978721618652,0.011659860610961914,0.010877370834350586,0.012331008911132812
141,8.20159912109375e-05,0.0075109004974365234,0.002569913864135742,0.2046198844909668,0.010793924331665039,0.017178773880004883,0.011792898178100586
142,0.00014591217041015625,0.007848024368286133,0.0041828155517578125,0.18554210662841797,0.010815143585205078,0.01224207878112793,0.01200723648071289
143,7.796287536621094e-05,0.007207155227661133,0.0038301944732666016,0.207993745803833,0.010580062866210938,0.010567903518676758,0.01185917854309082
144,6.985664367675781e-05,0.0071070194244384766,0.0031890869140625,0.21209096908569336,0.010459184646606445,0.010557889938354492,0.011970043182373047
145,6.198883056640625e-05,0.007471799850463867,0.0039288997650146484,0.17924213409423828,0.010801315307617188,0.010152101516723633,0.01199793815612793
146,6.604194641113281e-05,0.007721900939941406,0.0031442642211914062,0.20250296592712402,0.010540962219238281,0.010547876358032227,0.012101888656616211
147,7.390975952148438e-05,0.007884025573730469,0.004225015640258789,0.2188880443572998,0.01027822494506836,0.010225772857666016,0.011922121047973633
148,6.580352783203125e-05,0.006721019744873047,0.0030679702758789062,0.23847103118896484,0.01069021224975586,0.011081933975219727,0.012115955352783203
149,6.198883056640625e-05,0.008206844329833984,0.004906892776489258,0.21757102012634277,0.010627985000610352,0.010877847671508789,0.016501903533935547
150,6.079673767089844e-05,0.007710933685302734,0.0034270286560058594,0.20816993713378906,0.009927988052368164,0.010425806045532227,0.011708259582519531
151,6.508827209472656e-05,0.007720947265625,0.0033919811248779297,0.233839750289917,0.010043144226074219,0.010627031326293945,0.012676239013671875
152,7.081031799316406e-05,0.007943868637084961,0.003175020217895508,0.2034740447998047,0.010203838348388672,0.01019906997680664,0.012251853942871094
153,6.67572021484375e-05,0.007062196731567383,0.0029189586639404297,0.19576406478881836,0.010307073593139648,0.010307073593139648,0.012885093688964844
154,6.318092346191406e-05,0.008018970489501953,0.0039010047912597656,0.200639009475708,0.010262727737426758,0.011553049087524414,0.013622760772705078
155,7.200241088867188e-05,0.006903886795043945,0.008879899978637695,0.21680688858032227,0.00995182991027832,0.01190495491027832,0.01445317268371582
156,6.890296936035156e-05,0.007096767425537109,0.0035109519958496094,0.20057177543640137,0.01043391227722168,0.012811899185180664,0.012083053588867188
157,6.127357482910156e-05,0.0070040225982666016,0.0031778812408447266,0.19327116012573242,0.009596109390258789,0.01245427131652832,0.013878107070922852
158,7.200241088867188e-05,0.0069310665130615234,0.0026807785034179688,0.22341609001159668,0.010385751724243164,0.012636184692382812,0.013269901275634766
159,7.081031799316406e-05,0.0068399906158447266,0.0031299591064453125,0.195892333984375,0.010053873062133789,0.012174844741821289,0.011677980422973633
160,6.198883056640625e-05,0.0070688724517822266,0.005563259124755859,0.19977498054504395,0.010150909423828125,0.011258840560913086,0.013459205627441406
161,6.318092346191406e-05,0.006624937057495117,0.003428936004638672,0.2271280288696289,0.010278940200805664,0.013165712356567383,0.012225151062011719
162,5.984306335449219e-05,0.006887912750244141,0.002586841583251953,0.21917176246643066,0.010254144668579102,0.011023283004760742,0.011834144592285156
163,7.295608520507812e-05,0.0067348480224609375,0.003425121307373047,0.19309711456298828,0.009999990463256836,0.010188817977905273,0.011812210083007812
164,6.723403930664062e-05,0.0069408416748046875,0.0034248828887939453,0.2118358612060547,0.010147809982299805,0.011631011962890625,0.011729001998901367
165,6.699562072753906e-05,0.006769895553588867,0.0026543140411376953,0.22459697723388672,0.010370016098022461,0.01131892204284668,0.012181997299194336
166,6.103515625e-05,0.006836891174316406,0.002724170684814453,0.20487594604492188,0.010787010192871094,0.010575056076049805,0.012119054794311523
167,7.009506225585938e-05,0.006916999816894531,0.0026519298553466797,0.18791580200195312,0.01091313362121582,0.010022878646850586,0.012286901473999023
168,8.0108642578125e-05,0.006845951080322266,0.0029201507568359375,0.21576809883117676,0.01054692268371582,0.0104217529296875,0.011687040328979492
169,6.771087646484375e-05,0.006936073303222656,0.0027790069580078125,0.21732687950134277,0.010175943374633789,0.010281085968017578,0.011907100677490234
170,7.200241088867188e-05,0.0071561336517333984,0.002701997756958008,0.22671079635620117,0.010401248931884766,0.010160207748413086,0.012507915496826172
171,6.4849853515625e-05,0.0062830448150634766,0.002748250961303711,0.24904584884643555,0.010194063186645508,0.010339975357055664,0.012009143829345703
172,8.678436279296875e-05,0.0070018768310546875,0.002608776092529297,0.19029998779296875,0.010663986206054688,0.011096954345703125,0.011667966842651367
173,6.914138793945312e-05,0.006604909896850586,0.0026476383209228516,0.2035372257232666,0.011751890182495117,0.010451078414916992,0.011813879013061523
174,6.723403930664062e-05,0.006964921951293945,0.0026590824127197266,0.20989418029785156,0.010853767395019531,0.010239124298095703,0.011744022369384766
175,6.198883056640625e-05,0.006541013717651367,0.0026061534881591797,0.22078514099121094,0.011039018630981445,0.010504961013793945,0.011767148971557617
176,5.91278076171875e-05,0.006696224212646484,0.0026807785034179688,0.20008301734924316,0.011707067489624023,0.011293888092041016,0.01185917854309082
177,6.4849853515625e-05,0.006681203842163086,0.002639293670654297,0.19751381874084473,0.012428998947143555,0.010583877563476562,0.01152801513671875
178,7.081031799316406e-05,0.006540060043334961,0.0025320053100585938,0.22779321670532227,0.012123823165893555,0.010257959365844727,0.011780977249145508
179,6.29425048828125e-05,0.006992816925048828,0.0026259422302246094,0.20127606391906738,0.01026010513305664,0.013900041580200195,0.011807441711425781
180,6.29425048828125e-05,0.006901979446411133,0.002766132354736328,0.20738792419433594,0.011886835098266602,0.01055002212524414,0.011845111846923828
181,6.127357482910156e-05,0.006814002990722656,0.002780914306640625,0.2113032341003418,0.010514974594116211,0.011551856994628906,0.011710882186889648
182,6.699562072753906e-05,0.00931096076965332,0.0032486915588378906,0.21295905113220215,0.010534286499023438,0.011022090911865234,0.011732101440429688
183,6.771087646484375e-05,0.006539821624755859,0.00263214111328125,0.24189472198486328,0.011359930038452148,0.011023759841918945,0.012066125869750977
184,7.295608520507812e-05,0.006705045700073242,0.0026900768280029297,0.22816705703735352,0.010694026947021484,0.011548042297363281,0.012350082397460938
185,6.985664367675781e-05,0.0065479278564453125,0.002749919891357422,0.22049188613891602,0.010458946228027344,0.011228799819946289,0.012623786926269531
186,6.413459777832031e-05,0.006758213043212891,0.0026590824127197266,0.21283316612243652,0.010414838790893555,0.010290861129760742,0.013199806213378906
187,5.888938903808594e-05,0.006724119186401367,0.002732992172241211,0.21794986724853516,0.010533809661865234,0.011635065078735352,0.012018918991088867
188,7.462501525878906e-05,0.006750822067260742,0.002543926239013672,0.24171018600463867,0.01048898696899414,0.010698080062866211,0.011847734451293945
189,7.009506225585938e-05,0.0069026947021484375,0.0026750564575195312,0.197648286819458,0.010426759719848633,0.01009988784790039,0.012113809585571289
190,6.818771362304688e-05,0.007065773010253906,0.005101203918457031,0.19782185554504395,0.010560035705566406,0.01042318344116211,0.011947154998779297
191,6.198883056640625e-05,0.006905078887939453,0.002643108367919922,0.2295851707458496,0.010118961334228516,0.010657072067260742,0.012557029724121094
192,6.079673767089844e-05,0.006910085678100586,0.0025479793548583984,0.22777485847473145,0.010109186172485352,0.010397195816040039,0.013604879379272461
193,7.200241088867188e-05,0.006968975067138672,0.002658843994140625,0.19346404075622559,0.010324954986572266,0.010337114334106445,0.012412071228027344
194,6.67572021484375e-05,0.008087158203125,0.002621889114379883,0.533052921295166,0.010557889938354492,0.010618209838867188,0.013141155242919922
195,6.628036499023438e-05,0.011750936508178711,0.002552032470703125,0.284945011138916,0.010776281356811523,0.010454893112182617,0.013980865478515625
196,6.699562072753906e-05,0.007290840148925781,0.0027189254760742188,0.679757833480835,0.010243892669677734,0.011147022247314453,0.013081789016723633
197,6.103515625e-05,0.007427215576171875,0.002624034881591797,0.6698501110076904,0.010583162307739258,0.01070404052734375,0.01188206672668457
198,7.200241088867188e-05,0.008639812469482422,0.0025908946990966797,0.23256397247314453,0.010141849517822266,0.01099705696105957,0.013154983520507812
199,6.4849853515625e-05,0.007995843887329102,0.002521038055419922,0.26471400260925293,0.010323047637939453,0.01144862174987793,0.013664960861206055
200,7.796287536621094e-05,0.008483171463012695,0.0026221275329589844,0.23254895210266113,0.010552167892456055,0.012071847915649414,0.011810779571533203
201,6.604194641113281e-05,0.007560014724731445,0.002746105194091797,1.0246000289916992,0.01050424575805664,0.010344982147216797,0.015665054321289062
202,7.295608520507812e-05,0.007446765899658203,0.0026009082794189453,0.5345160961151123,0.010074138641357422,0.011472225189208984,0.012121915817260742
203,7.200241088867188e-05,0.008270978927612305,0.0028829574584960938,0.3062760829925537,0.010653018951416016,0.01218104362487793,0.011767148971557617
204,7.43865966796875e-05,0.009058952331542969,0.0026547908782958984,0.4525930881500244,0.010807991027832031,0.010469198226928711,0.015160083770751953
205,7.605552673339844e-05,0.007454872131347656,0.0026268959045410156,0.4730978012084961,0.011026859283447266,0.012600898742675781,0.011992692947387695
206,8.511543273925781e-05,0.007458925247192383,0.0032510757446289062,0.41596317291259766,0.010268926620483398,0.011206865310668945,0.011825323104858398
207,7.319450378417969e-05,0.008445024490356445,0.0026581287384033203,0.29076099395751953,0.010133028030395508,0.011902809143066406,0.012004852294921875
208,7.891654968261719e-05,0.007760047912597656,0.0029931068420410156,0.2211310863494873,0.010102033615112305,0.010637044906616211,0.011886119842529297
209,7.867813110351562e-05,0.006699085235595703,0.002977132797241211,0.20967388153076172,0.009896993637084961,0.011549949645996094,0.012438058853149414
210,8.0108642578125e-05,0.006685972213745117,0.0029630661010742188,0.22117209434509277,0.01049184799194336,0.01101374626159668,0.012771844863891602
211,7.82012939453125e-05,0.011298894882202148,0.002662181854248047,0.24471306800842285,0.010930299758911133,0.015095710754394531,0.012345075607299805
212,6.604194641113281e-05,0.006837129592895508,0.0029692649841308594,0.2053699493408203,0.011734724044799805,0.011158943176269531,0.012717723846435547
213,7.82012939453125e-05,0.006143808364868164,0.0029020309448242188,0.27603697776794434,0.011162042617797852,0.01148223876953125,0.011947154998779297
214,7.891654968261719e-05,0.009656906127929688,0.0031490325927734375,0.25925612449645996,0.01141667366027832,0.012722969055175781,0.012588977813720703
215,6.580352783203125e-05,0.010730981826782227,0.002893209457397461,0.28440189361572266,0.011569738388061523,0.010888814926147461,0.011741876602172852
216,7.510185241699219e-05,0.007172107696533203,0.0026061534881591797,0.27359890937805176,0.011709928512573242,0.01129293441772461,0.011675834655761719
217,7.414817810058594e-05,0.007009983062744141,0.0026869773864746094,0.24532818794250488,0.012845039367675781,0.011198997497558594,0.011727094650268555
218,7.200241088867188e-05,0.007171154022216797,0.002866983413696289,0.25014805793762207,0.010954856872558594,0.011198043823242188,0.011687994003295898
219,6.29425048828125e-05,0.006708383560180664,0.004186868667602539,0.2268831729888916,0.010862112045288086,0.011423110961914062,0.011825799942016602
220,6.699562072753906e-05,0.007284879684448242,0.0029549598693847656,0.19837594032287598,0.011731863021850586,0.011421918869018555,0.011645793914794922
221,6.985664367675781e-05,0.006667137145996094,0.004556179046630859,0.29694604873657227,0.010793924331665039,0.011371135711669922,0.012086868286132812
222,7.200241088867188e-05,0.008684873580932617,0.003920078277587891,0.23259997367858887,0.010589838027954102,0.011626958847045898,0.011708736419677734
223,7.200241088867188e-05,0.007098197937011719,0.005133152008056641,0.20431995391845703,0.011029958724975586,0.010979175567626953,0.011676788330078125
224,9.083747863769531e-05,0.007292032241821289,0.003560781478881836,0.20290470123291016,0.0100860595703125,0.010943889617919922,0.011757850646972656
225,9.989738464355469e-05,0.0071947574615478516,0.0039031505584716797,0.23396015167236328,0.010411977767944336,0.011404752731323242,0.011636018753051758
226,8.58306884765625e-05,0.011797904968261719,0.004942655563354492,0.2597367763519287,0.010708093643188477,0.01230621337890625,0.01177215576171875
227,8.606910705566406e-05,0.007793903350830078,0.002746105194091797,0.2269430160522461,0.009959936141967773,0.011831998825073242,0.011636972427368164
228,0.00011873245239257812,0.007555723190307617,0.0026459693908691406,0.23819208145141602,0.013340950012207031,0.01163792610168457,0.011654853820800781
229,0.00015997886657714844,0.007343769073486328,0.004241943359375,0.19986987113952637,0.010174274444580078,0.011932849884033203,0.011605024337768555
230,8.702278137207031e-05,0.007339954376220703,0.0037698745727539062,0.20924711227416992,0.010206937789916992,0.0124359130859375,0.011900901794433594
231,9.512901306152344e-05,0.0068857669830322266,0.0033998489379882812,0.23064184188842773,0.009769916534423828,0.011763334274291992,0.01217198371887207
232,0.00011014938354492188,0.007602214813232422,0.0028460025787353516,0.21113300323486328,0.009686946868896484,0.013693809509277344,0.012945890426635742
233,0.0001010894775390625,0.00713801383972168,0.00290679931640625,0.23897814750671387,0.010499000549316406,0.015186071395874023,0.011951684951782227
234,9.918212890625e-05,0.007189035415649414,0.003767251968383789,0.2727818489074707,0.010492086410522461,0.012418270111083984,0.012649297714233398
235,9.202957153320312e-05,0.006490945816040039,0.0026230812072753906,0.26006484031677246,0.010531187057495117,0.011948108673095703,0.013807058334350586
236,8.296966552734375e-05,0.007196903228759766,0.0027341842651367188,0.21225190162658691,0.010981082916259766,0.015028953552246094,0.014871835708618164
237,7.510185241699219e-05,0.0074689388275146484,0.0030128955841064453,0.21584415435791016,0.010232686996459961,0.011823892593383789,0.013847112655639648
238,7.295608520507812e-05,0.007630825042724609,0.002834320068359375,0.23072576522827148,0.010380029678344727,0.01974010467529297,0.015324831008911133
239,7.081031799316406e-05,0.00798177719116211,0.002785921096801758,0.22151589393615723,0.010282278060913086,0.012238025665283203,0.012110710144042969
240,7.700920104980469e-05,0.0077860355377197266,0.0026221275329589844,0.24242496490478516,0.009926080703735352,0.012475013732910156,0.011606693267822266
241,7.677078247070312e-05,0.007020235061645508,0.002933979034423828,0.26203083992004395,0.010036945343017578,0.015494108200073242,0.013082027435302734
242,0.00015306472778320312,0.007391929626464844,0.0027887821197509766,0.22969317436218262,0.00989532470703125,0.012453317642211914,0.011914968490600586
243,8.606910705566406e-05,0.00713801383972168,0.002989053726196289,0.24272894859313965,0.010201692581176758,0.01468801498413086,0.012286901473999023
244,6.818771362304688e-05,0.007144927978515625,0.002613067626953125,0.2863180637359619,0.010157108306884766,0.014889001846313477,0.012018203735351562
245,7.390975952148438e-05,0.009958744049072266,0.0029370784759521484,0.20745277404785156,0.009914159774780273,0.014002799987792969,0.0117950439453125
246,6.794929504394531e-05,0.007016897201538086,0.002904176712036133,0.2307577133178711,0.010293006896972656,0.013984203338623047,0.011629104614257812
247,6.604194641113281e-05,0.006955146789550781,0.002782106399536133,0.3588581085205078,0.009953022003173828,0.013968944549560547,0.011806964874267578
248,6.103515625e-05,0.0071468353271484375,0.0027277469635009766,0.27033185958862305,0.010792732238769531,0.02569293975830078,0.011929988861083984
249,0.00011396408081054688,0.0070400238037109375,0.0030329227447509766,0.27231287956237793,0.009799957275390625,0.01883101463317871,0.011935949325561523
250,8.702278137207031e-05,0.006681203842163086,0.0034258365631103516,0.22893309593200684,0.010526895523071289,0.017264842987060547,0.011870145797729492
251,7.796287536621094e-05,0.00675511360168457,0.003930807113647461,0.2558412551879883,0.010117053985595703,0.012832880020141602,0.01181483268737793
252,8.082389831542969e-05,0.007071971893310547,0.0036668777465820312,0.27251696586608887,0.010342836380004883,0.012659072875976562,0.011573076248168945
253,6.723403930664062e-05,0.008104324340820312,0.0029230117797851562,0.2436211109161377,0.010036230087280273,0.011001110076904297,0.011724710464477539
254,7.605552673339844e-05,0.010572195053100586,0.005547046661376953,0.209151029586792,0.010062694549560547,0.012241840362548828,0.011765003204345703
255,6.29425048828125e-05,0.0077648162841796875,0.0027179718017578125,0.22245097160339355,0.010223865509033203,0.011036872863769531,0.011665821075439453
256,6.508827209472656e-05,0.007283210754394531,0.003045320510864258,0.2173309326171875,0.010645151138305664,0.01054525375366211,0.011755704879760742
257,6.127357482910156e-05,0.007459878921508789,0.0027840137481689453,0.2530789375305176,0.01172184944152832,0.01063394546508789,0.012032032012939453
258,7.009506225585938e-05,0.00795125961303711,0.003117084503173828,0.20784473419189453,0.011391878128051758,0.01081085205078125,0.011979103088378906
259,7.081031799316406e-05,0.011333942413330078,0.0028438568115234375,0.22001886367797852,0.014497995376586914,0.011934995651245117,0.011841058731079102
260,6.389617919921875e-05,0.00963902473449707,0.0034568309783935547,0.23077106475830078,0.010673284530639648,0.013628959655761719,0.012022018432617188
261,6.222724914550781e-05,0.007957935333251953,0.002652883529663086,0.2115650177001953,0.011059045791625977,0.01240086555480957,0.011968135833740234
262,6.67572021484375e-05,0.0074269771575927734,0.0030498504638671875,0.20486211776733398,0.010611772537231445,0.010571002960205078,0.012192010879516602
263,6.413459777832031e-05,0.010411977767944336,0.0035500526428222656,0.2787342071533203,0.01003408432006836,0.011497974395751953,0.011921882629394531
264,7.700920104980469e-05,0.009608983993530273,0.0027730464935302734,0.24608397483825684,0.010171890258789062,0.016423940658569336,0.011897087097167969
265,6.29425048828125e-05,0.0075719356536865234,0.0030221939086914062,0.2173480987548828,0.01159811019897461,0.02508997917175293,0.011866092681884766
266,6.67572021484375e-05,0.007946014404296875,0.0028390884399414062,0.2454390525817871,0.010870933532714844,0.017728090286254883,0.01164102554321289
267,6.818771362304688e-05,0.0070648193359375,0.0026400089263916016,0.31861114501953125,0.009983062744140625,0.018976926803588867,0.011765003204345703
268,6.389617919921875e-05,0.006711244583129883,0.002832174301147461,0.3166477680206299,0.010149955749511719,0.016605138778686523,0.011719942092895508
269,7.295608520507812e-05,0.007139921188354492,0.002894878387451172,0.24430394172668457,0.010272979736328125,0.018598079681396484,0.011762857437133789
270,6.985664367675781e-05,0.007153987884521484,0.0026700496673583984,0.24546265602111816,0.01001286506652832,0.017007827758789062,0.011730194091796875
271,6.604194641113281e-05,0.00687098503112793,0.00257110595703125,0.25035691261291504,0.010782003402709961,0.016832828521728516,0.013871192932128906
272,6.914138793945312e-05,0.0073261260986328125,0.0027000904083251953,0.2750709056854248,0.010052919387817383,0.01209402084350586,0.01260995864868164
273,6.4849853515625e-05,0.007187843322753906,0.002646923065185547,0.26631808280944824,0.010116815567016602,0.012811899185180664,0.013150930404663086
274,7.605552673339844e-05,0.007226228713989258,0.0026328563690185547,0.20876502990722656,0.010536909103393555,0.01188206672668457,0.014042139053344727
275,6.914138793945312e-05,0.0071392059326171875,0.0026159286499023438,0.25082874298095703,0.010247945785522461,0.014544963836669922,0.01379704475402832
276,6.508827209472656e-05,0.007089853286743164,0.002947092056274414,0.23914885520935059,0.010103225708007812,0.011178970336914062,0.012917041778564453
277,7.200241088867188e-05,0.006882190704345703,0.0025451183319091797,0.2623457908630371,0.010164976119995117,0.01185297966003418,0.012061119079589844
278,7.390975952148438e-05,0.007547855377197266,0.002529144287109375,0.2422490119934082,0.010168075561523438,0.011551856994628906,0.014084815979003906
279,7.510185241699219e-05,0.007228851318359375,0.0027599334716796875,0.22576689720153809,0.010727167129516602,0.010707855224609375,0.01162099838256836
280,6.985664367675781e-05,0.007173061370849609,0.0025882720947265625,0.20615100860595703,0.010380983352661133,0.012135982513427734,0.011971235275268555
281,6.508827209472656e-05,0.007300138473510742,0.002653837203979492,0.2414398193359375,0.010950803756713867,0.011802911758422852,0.012704849243164062
282,6.008148193359375e-05,0.0072269439697265625,0.002750873565673828,0.1964421272277832,0.01037287712097168,0.011581897735595703,0.011875152587890625
283,8.106231689453125e-05,0.007762908935546875,0.0027320384979248047,0.2029411792755127,0.011399030685424805,0.011092185974121094,0.011867046356201172
284,9.894371032714844e-05,0.008904218673706055,0.0024979114532470703,0.20343995094299316,0.011963129043579102,0.011202096939086914,0.012366771697998047
285,7.915496826171875e-05,0.008233308792114258,0.0026679039001464844,0.2261059284210205,0.012677907943725586,0.012063980102539062,0.011481761932373047
286,6.890296936035156e-05,0.007626056671142578,0.0026361942291259766,0.2064371109008789,0.01188802719116211,0.013773918151855469,0.011884927749633789
287,7.009506225585938e-05,0.013586044311523438,0.002876758575439453,0.2442169189453125,0.012553930282592773,0.012740850448608398,0.011981964111328125
288,7.510185241699219e-05,0.0077970027923583984,0.005215883255004883,0.2211008071899414,0.010074138641357422,0.012672185897827148,0.013709068298339844
289,6.508827209472656e-05,0.0076580047607421875,0.0026559829711914062,0.19648313522338867,0.010001897811889648,0.01195216178894043,0.011663198471069336
290,6.985664367675781e-05,0.012528181076049805,0.0026879310607910156,0.2373340129852295,0.011132240295410156,0.011005163192749023,0.011620044708251953
291,6.413459777832031e-05,0.01240396499633789,0.0027298927307128906,0.24651718139648438,0.010626077651977539,0.012272834777832031,0.01164698600769043
292,7.414817810058594e-05,0.007861852645874023,0.0029282569885253906,0.24115371704101562,0.01306295394897461,0.013310909271240234,0.012029886245727539
293,7.724761962890625e-05,0.011091232299804688,0.002959012985229492,0.28893327713012695,0.011643171310424805,0.013537883758544922,0.012107133865356445
294,7.128715515136719e-05,0.00660395622253418,0.003075122833251953,0.21588921546936035,0.010876893997192383,0.010689020156860352,0.011718273162841797
295,6.4849853515625e-05,0.007029056549072266,0.003281116485595703,0.19764208793640137,0.01071476936340332,0.012504100799560547,0.01178598403930664
296,6.508827209472656e-05,0.0072329044342041016,0.0029048919677734375,0.2040097713470459,0.010268926620483398,0.012440681457519531,0.01172494888305664
297,6.198883056640625e-05,0.0071680545806884766,0.002978086471557617,0.2521390914916992,0.010274887084960938,0.012859106063842773,0.011841058731079102
298,7.700920104980469e-05,0.0072748661041259766,0.0027642250061035156,0.20768475532531738,0.013602018356323242,0.012986898422241211,0.011838912963867188
299,6.604194641113281e-05,0.007298946380615234,0.0031080245971679688,0.22469806671142578,0.01244497299194336,0.011108875274658203,0.011755943298339844
300,0.0002071857452392578,0.007696866989135742,0.0033769607543945312,0.30188894271850586,0.011748790740966797,0.011587142944335938,0.011816978454589844
301,6.866455078125e-05,0.007545948028564453,0.0039038658142089844,0.22809195518493652,0.011839866638183594,0.012403011322021484,0.01178598403930664
302,6.794929504394531e-05,0.007416963577270508,0.004129171371459961,0.2928919792175293,0.011820793151855469,0.014549970626831055,0.01172018051147461
303,7.295608520507812e-05,0.008841991424560547,0.002637147903442383,0.2490701675415039,0.010323047637939453,0.014708995819091797,0.011466741561889648
304,6.389617919921875e-05,0.006833791732788086,0.0027091503143310547,0.28397107124328613,0.010675191879272461,0.01487874984741211,0.011773347854614258
305,6.198883056640625e-05,0.007127046585083008,0.0027070045471191406,0.37188291549682617,0.013370037078857422,0.014403104782104492,0.011742830276489258
306,6.985664367675781e-05,0.008224010467529297,0.003074169158935547,0.26479101181030273,0.010493040084838867,0.02138209342956543,0.012116193771362305
307,6.103515625e-05,0.008605003356933594,0.0031061172485351562,0.19631695747375488,0.010551929473876953,0.016457080841064453,0.012017965316772461
308,9.202957153320312e-05,0.009531021118164062,0.002655029296875,0.3099689483642578,0.011556148529052734,0.013288021087646484,0.011573076248168945
309,7.033348083496094e-05,0.006898164749145508,0.002672910690307617,0.215057373046875,0.010231733322143555,0.015315055847167969,0.011654138565063477
310,7.081031799316406e-05,0.007284879684448242,0.002599954605102539,0.21466326713562012,0.010441064834594727,0.011878013610839844,0.012263298034667969
311,6.341934204101562e-05,0.007990121841430664,0.003535032272338867,0.22892189025878906,0.010375022888183594,0.010911941528320312,0.018433094024658203
312,6.222724914550781e-05,0.007641315460205078,0.002689838409423828,0.2061619758605957,0.010644912719726562,0.011034250259399414,0.012454032897949219
313,7.295608520507812e-05,0.007971048355102539,0.00273895263671875,0.20159292221069336,0.012433290481567383,0.010564804077148438,0.01297616958618164
314,6.914138793945312e-05,0.008709907531738281,0.0035419464111328125,0.20792603492736816,0.010436058044433594,0.010657787322998047,0.01544499397277832
315,6.29425048828125e-05,0.01390218734741211,0.0027551651000976562,0.2283461093902588,0.010780811309814453,0.010689020156860352,0.012726068496704102
316,6.67572021484375e-05,0.007353782653808594,0.002704143524169922,0.19255995750427246,0.01007986068725586,0.01045680046081543,0.01306605339050293
317,7.295608520507812e-05,0.007196903228759766,0.0027158260345458984,0.18983674049377441,0.010061264038085938,0.010320186614990234,0.014341115951538086
318,7.414817810058594e-05,0.008353948593139648,0.0025539398193359375,0.2098069190979004,0.010128021240234375,0.010556936264038086,0.01212000846862793
319,6.604194641113281e-05,0.012156009674072266,0.0026559829711914062,0.3421151638031006,0.010246992111206055,0.010333061218261719,0.01357889175415039
320,6.198883056640625e-05,0.007075071334838867,0.003021240234375,0.2108440399169922,0.010185003280639648,0.010424137115478516,0.011881828308105469
321,7.295608520507812e-05,0.007183074951171875,0.004257917404174805,0.22294998168945312,0.010252952575683594,0.01020503044128418,0.012542009353637695
322,6.29425048828125e-05,0.007318735122680664,0.0031621456146240234,0.20736289024353027,0.010390996932983398,0.012505769729614258,0.01296091079711914
323,7.295608520507812e-05,0.009685993194580078,0.005970954895019531,0.2035818099975586,0.010784149169921875,0.011229991912841797,0.012376785278320312
324,6.413459777832031e-05,0.007401943206787109,0.0028717517852783203,0.21096014976501465,0.009688138961791992,0.010474920272827148,0.01195216178894043
325,7.390975952148438e-05,0.0067729949951171875,0.0025980472564697266,0.23409581184387207,0.010249853134155273,0.010579109191894531,0.012079954147338867
326,6.508827209472656e-05,0.0068149566650390625,0.002599000930786133,0.1914980411529541,0.009886980056762695,0.01034402847290039,0.01226496696472168
327,6.29425048828125e-05,0.007582187652587891,0.0028417110443115234,0.1946120262145996,0.009895086288452148,0.010543107986450195,0.011833906173706055
328,7.510185241699219e-05,0.007248878479003906,0.0027170181274414062,0.19535183906555176,0.009840965270996094,0.010550975799560547,0.011871099472045898
329,6.914138793945312e-05,0.006937742233276367,0.0025849342346191406,0.20403599739074707,0.010118961334228516,0.010194063186645508,0.011757135391235352
330,6.508827209472656e-05,0.007135152816772461,0.002643108367919922,0.1881849765777588,0.010271787643432617,0.010678768157958984,0.011744022369384766
331,9.799003601074219e-05,0.007339000701904297,0.002668142318725586,0.19799113273620605,0.01024174690246582,0.010662317276000977,0.012341022491455078
332,0.0002429485321044922,0.0075151920318603516,0.0026438236236572266,0.2214348316192627,0.010094881057739258,0.011651992797851562,0.012072324752807617
333,8.273124694824219e-05,0.006810188293457031,0.002747774124145508,0.22422409057617188,0.010035991668701172,0.01058197021484375,0.011961698532104492
334,0.00011777877807617188,0.00717473030090332,0.0028269290924072266,0.21003079414367676,0.009944915771484375,0.010654926300048828,0.012269973754882812
335,7.700920104980469e-05,0.006827116012573242,0.002618074417114258,0.22116971015930176,0.010771989822387695,0.010612964630126953,0.011963129043579102
336,7.295608520507812e-05,0.007200002670288086,0.002716064453125,0.19031000137329102,0.010584115982055664,0.011089086532592773,0.011823654174804688
337,9.083747863769531e-05,0.007399082183837891,0.003484964370727539,0.19176411628723145,0.010384082794189453,0.010499954223632812,0.012009859085083008
338,0.00011181831359863281,0.006996870040893555,0.002681255340576172,0.20323681831359863,0.009804010391235352,0.011652946472167969,0.011836051940917969
339,9.298324584960938e-05,0.006531953811645508,0.00257110595703125,0.20311784744262695,0.009641170501708984,0.01093912124633789,0.01190495491027832
340,8.916854858398438e-05,0.007424116134643555,0.0025360584259033203,0.18902969360351562,0.012295007705688477,0.010224103927612305,0.01474618911743164
341,0.00011205673217773438,0.006953001022338867,0.0025310516357421875,0.21268510818481445,0.009887933731079102,0.010150909423828125,0.012109994888305664
342,0.00010585784912109375,0.006660938262939453,0.0026428699493408203,0.2169198989868164,0.010623931884765625,0.010802984237670898,0.012553930282592773
343,0.00013184547424316406,0.0067441463470458984,0.002772092819213867,0.20112323760986328,0.010301828384399414,0.01277017593383789,0.012270689010620117
344,7.796287536621094e-05,0.00701594352722168,0.002902984619140625,0.2027900218963623,0.010553121566772461,0.015253067016601562,0.012171030044555664
345,7.033348083496094e-05,0.007961034774780273,0.002730846405029297,0.24724316596984863,0.011542081832885742,0.014658212661743164,0.011958837509155273
346,7.700920104980469e-05,0.008596181869506836,0.002613067626953125,0.20314407348632812,0.011709928512573242,0.013827085494995117,0.011784791946411133
347,7.176399230957031e-05,0.006860971450805664,0.0026960372924804688,0.20563387870788574,0.009942054748535156,0.016869068145751953,0.011909961700439453
348,0.00015115737915039062,0.006880044937133789,0.0027451515197753906,0.20591998100280762,0.010560035705566406,0.01045680046081543,0.011987924575805664
349,7.390975952148438e-05,0.007238864898681641,0.002660989761352539,0.19992804527282715,0.012813806533813477,0.010780811309814453,0.01271677017211914
350,8.797645568847656e-05,0.0070209503173828125,0.002775907516479492,0.20484495162963867,0.010155200958251953,0.01397395133972168,0.01174020767211914
351,8.58306884765625e-05,0.007698774337768555,0.002758026123046875,0.20622014999389648,0.009941816329956055,0.012032032012939453,0.011754035949707031
352,8.869171142578125e-05,0.00798797607421875,0.002624034881591797,0.19956111907958984,0.011268138885498047,0.011102914810180664,0.01311492919921875
353,0.0001068115234375,0.007433176040649414,0.002747058868408203,0.20867419242858887,0.010685205459594727,0.011120080947875977,0.0127410888671875
354,7.510185241699219e-05,0.008307218551635742,0.002637147903442383,0.20783305168151855,0.010931253433227539,0.01065206527709961,0.011995077133178711
355,7.200241088867188e-05,0.007852792739868164,0.002665996551513672,0.18655681610107422,0.010169029235839844,0.013541936874389648,0.012189865112304688
356,7.987022399902344e-05,0.008697032928466797,0.0025818347930908203,0.21437430381774902,0.010167121887207031,0.01126718521118164,0.011749029159545898
357,7.605552673339844e-05,0.008188009262084961,0.0027360916137695312,0.2515830993652344,0.01034998893737793,0.011627912521362305,0.011837959289550781
358,0.00010704994201660156,0.006906986236572266,0.0027511119842529297,0.2170872688293457,0.010526180267333984,0.011276960372924805,0.012354612350463867
359,0.00015497207641601562,0.0067291259765625,0.0026199817657470703,0.19449496269226074,0.010231971740722656,0.012685060501098633,0.011788129806518555
360,8.392333984375e-05,0.006431102752685547,0.0026700496673583984,0.21184778213500977,0.010151863098144531,0.011294841766357422,0.01228189468383789
361,8.082389831542969e-05,0.0076978206634521484,0.0028030872344970703,0.19916582107543945,0.009902715682983398,0.013157129287719727,0.011951923370361328
362,6.4849853515625e-05,0.007506847381591797,0.002554178237915039,0.1900649070739746,0.009792804718017578,0.011002779006958008,0.018911123275756836
363,6.198883056640625e-05,0.006734132766723633,0.0025551319122314453,0.18773388862609863,0.009823083877563477,0.015400886535644531,0.013108968734741211
364,7.081031799316406e-05,0.007766008377075195,0.0027358531951904297,0.21129512786865234,0.00978994369506836,0.012128829956054688,0.012335062026977539
365,7.200241088867188e-05,0.00723576545715332,0.002613067626953125,0.1916348934173584,0.010331153869628906,0.011847257614135742,0.013334035873413086
366,6.771087646484375e-05,0.006712913513183594,0.0027403831481933594,0.20304608345031738,0.010371923446655273,0.012721061706542969,0.01385498046875
367,6.079673767089844e-05,0.00677800178527832,0.00263214111328125,0.22639894485473633,0.009840250015258789,0.010622024536132812,0.012323141098022461
368,6.771087646484375e-05,0.006929874420166016,0.0026700496673583984,0.2197420597076416,0.009987831115722656,0.01180887222290039,0.012142658233642578
369,6.508827209472656e-05,0.007008790969848633,0.0026748180389404297,0.19324803352355957,0.009696006774902344,0.011040210723876953,0.01455998420715332
370,7.605552673339844e-05,0.006797075271606445,0.0026149749755859375,0.24141311645507812,0.009785175323486328,0.010689020156860352,0.011945962905883789
371,6.413459777832031e-05,0.006894826889038086,0.0027170181274414062,0.24205994606018066,0.01251983642578125,0.012080192565917969,0.013332128524780273
372,6.914138793945312e-05,0.006991863250732422,0.0034570693969726562,0.26180505752563477,0.00996088981628418,0.01303410530090332,0.012073040008544922
373,6.198883056640625e-05,0.006892204284667969,0.0033330917358398438,0.21895408630371094,0.010142803192138672,0.010617256164550781,0.011688232421875
374,6.413459777832031e-05,0.006814002990722656,0.003100872039794922,0.22630524635314941,0.009745121002197266,0.010725259780883789,0.011765003204345703
375,7.176399230957031e-05,0.0076749324798583984,0.002835988998413086,0.2576870918273926,0.009912967681884766,0.011932134628295898,0.012025117874145508
376,7.295608520507812e-05,0.006776094436645508,0.002769947052001953,0.24628090858459473,0.010502099990844727,0.01258707046508789,0.011967897415161133
377,6.604194641113281e-05,0.006894111633300781,0.0034017562866210938,0.218674898147583,0.011081933975219727,0.011027336120605469,0.011508941650390625
378,6.198883056640625e-05,0.0067882537841796875,0.003094911575317383,0.23635196685791016,0.010310173034667969,0.011529922485351562,0.011767148971557617
379,6.29425048828125e-05,0.006819009780883789,0.003779172897338867,0.2474079132080078,0.010848045349121094,0.011096954345703125,0.012125253677368164
380,7.510185241699219e-05,0.006718158721923828,0.0034151077270507812,0.23148083686828613,0.010133743286132812,0.011072158813476562,0.012027978897094727
381,7.486343383789062e-05,0.010513782501220703,0.0028531551361083984,0.21504616737365723,0.01066279411315918,0.01067805290222168,0.012470006942749023
382,6.29425048828125e-05,0.006974220275878906,0.0026581287384033203,0.27878403663635254,0.010179281234741211,0.011656045913696289,0.012826681137084961
383,6.198883056640625e-05,0.006861209869384766,0.002727985382080078,0.2598259449005127,0.010033845901489258,0.01337432861328125,0.011520624160766602
384,7.128715515136719e-05,0.007130146026611328,0.002627134323120117,0.2348473072052002,0.01038813591003418,0.014055252075195312,0.013308048248291016
385,6.985664367675781e-05,0.006876945495605469,0.0033049583435058594,0.21241188049316406,0.01031184196472168,0.010956048965454102,0.013194799423217773
386,6.318092346191406e-05,0.006803989410400391,0.004045963287353516,0.2284688949584961,0.010808706283569336,0.013712882995605469,0.011797904968261719
387,0.00013113021850585938,0.006819248199462891,0.002635955810546875,0.21982693672180176,0.010645151138305664,0.011348962783813477,0.012642860412597656
388,6.699562072753906e-05,0.006898164749145508,0.0028150081634521484,0.2244107723236084,0.010771036148071289,0.0110931396484375,0.011994123458862305
389,6.699562072753906e-05,0.006765127182006836,0.0026819705963134766,0.21349501609802246,0.01229405403137207,0.014385223388671875,0.011883974075317383
390,7.009506225585938e-05,0.007427692413330078,0.0032570362091064453,0.21756291389465332,0.018342018127441406,0.011476993560791016,0.01196432113647461
391,7.700920104980469e-05,0.006909847259521484,0.002604961395263672,0.19498920440673828,0.011166095733642578,0.013004064559936523,0.01656484603881836
392,7.081031799316406e-05,0.006763935089111328,0.002705097198486328,0.2462317943572998,0.016728878021240234,0.011855840682983398,0.011876821517944336
393,6.413459777832031e-05,0.006880998611450195,0.0025589466094970703,0.31349706649780273,0.010892868041992188,0.011676788330078125,0.011944770812988281
394,6.079673767089844e-05,0.0070247650146484375,0.002641916275024414,0.27471494674682617,0.012186050415039062,0.011719226837158203,0.011790275573730469
395,7.414817810058594e-05,0.006791114807128906,0.0026009082794189453,0.2824718952178955,0.01294398307800293,0.01046609878540039,0.011445045471191406
396,6.604194641113281e-05,0.0069010257720947266,0.002680063247680664,0.1973860263824463,0.011837959289550781,0.010354995727539062,0.012150049209594727
397,6.29425048828125e-05,0.007009029388427734,0.0025899410247802734,0.26868200302124023,0.011615991592407227,0.010885238647460938,0.012377262115478516
398,5.888938903808594e-05,0.007033109664916992,0.002595663070678711,0.2067549228668213,0.011412858963012695,0.010425806045532227,0.012727737426757812
399,6.818771362304688e-05,0.006714820861816406,0.0026121139526367188,0.2128140926361084,0.010407209396362305,0.010334968566894531,0.012657880783081055
400,7.605552673339844e-05,0.006890058517456055,0.002653360366821289,0.2510068416595459,0.010675191879272461,0.010854005813598633,0.013894796371459961
401,6.389617919921875e-05,0.0069239139556884766,0.002629995346069336,0.2663726806640625,0.01138615608215332,0.010827064514160156,0.014313936233520508
402,6.198883056640625e-05,0.006820201873779297,0.002627849578857422,0.24447393417358398,0.012265205383300781,0.012309074401855469,0.012155294418334961
403,6.985664367675781e-05,0.0072939395904541016,0.0028769969940185547,0.21482014656066895,0.010747909545898438,0.016108036041259766,0.012782096862792969
404,6.389617919921875e-05,0.007704019546508789,0.0025970935821533203,0.22504496574401855,0.01137089729309082,0.0171966552734375,0.012781143188476562
405,6.985664367675781e-05,0.007079124450683594,0.0026979446411132812,0.19669699668884277,0.012936115264892578,0.014019966125488281,0.01406407356262207
406,6.198883056640625e-05,0.0071086883544921875,0.002580881118774414,0.2739098072052002,0.010422706604003906,0.013443946838378906,0.011652708053588867
407,7.200241088867188e-05,0.0073850154876708984,0.002699136734008789,0.5699288845062256,0.010190010070800781,0.010845184326171875,0.013094186782836914
408,6.4849853515625e-05,0.007837772369384766,0.0027549266815185547,0.4130859375,0.010504007339477539,0.014629125595092773,0.012441158294677734
409,5.984306335449219e-05,0.008388996124267578,0.0025949478149414062,0.27896881103515625,0.011418819427490234,0.012120723724365234,0.011862754821777344
410,7.319450378417969e-05,0.006802082061767578,0.0026140213012695312,0.27942609786987305,0.011146068572998047,0.01388692855834961,0.012073040008544922
411,7.200241088867188e-05,0.007009029388427734,0.0025658607482910156,0.34218502044677734,0.012053966522216797,0.01859307289123535,0.011960268020629883
412,6.413459777832031e-05,0.0066258907318115234,0.002604246139526367,0.364577054977417,0.011802911758422852,0.014438867568969727,0.011788129806518555
413,6.127357482910156e-05,0.006946086883544922,0.0027120113372802734,0.3774840831756592,0.011516094207763672,0.011871099472045898,0.012562990188598633
414,8.606910705566406e-05,0.006913900375366211,0.0025670528411865234,0.276080846786499,0.01120901107788086,0.019073009490966797,0.01181173324584961
415,7.295608520507812e-05,0.009732246398925781,0.002707958221435547,0.30561304092407227,0.01398611068725586,0.012621164321899414,0.011725187301635742
416,6.222724914550781e-05,0.015646934509277344,0.0028989315032958984,0.28191089630126953,0.010358095169067383,0.013465166091918945,0.011909961700439453
417,6.699562072753906e-05,0.006583690643310547,0.0025148391723632812,0.3982357978820801,0.01028299331665039,0.012673139572143555,0.01168203353881836
418,7.200241088867188e-05,0.013294219970703125,0.0027179718017578125,0.40489912033081055,0.011077165603637695,0.011532068252563477,0.011984825134277344
419,6.508827209472656e-05,0.009634256362915039,0.0026276111602783203,0.23731207847595215,0.010621309280395508,0.01680731773376465,0.012162208557128906
420,7.081031799316406e-05,0.0094451904296875,0.0026221275329589844,0.22242403030395508,0.011039018630981445,0.013849020004272461,0.011471748352050781
421,6.29425048828125e-05,0.00687718391418457,0.002591848373413086,0.24213695526123047,0.010937929153442383,0.02458977699279785,0.011880874633789062
422,7.104873657226562e-05,0.006796836853027344,0.004059791564941406,0.2034449577331543,0.010470151901245117,0.013478755950927734,0.011519908905029297
423,6.198883056640625e-05,0.006865739822387695,0.004562854766845703,0.21459007263183594,0.010133981704711914,0.01737213134765625,0.011986017227172852
424,6.771087646484375e-05,0.006874799728393555,0.0036499500274658203,0.23713111877441406,0.012697219848632812,0.014647722244262695,0.011618852615356445
425,7.081031799316406e-05,0.006968021392822266,0.002562999725341797,0.22891616821289062,0.011296987533569336,0.014955997467041016,0.01213216781616211
426,7.033348083496094e-05,0.006866931915283203,0.007904052734375,0.2585930824279785,0.010979175567626953,0.013669967651367188,0.01171565055847168
427,8.082389831542969e-05,0.0068967342376708984,0.0028219223022460938,0.2355637550354004,0.010864019393920898,0.016856908798217773,0.01187586784362793
428,8.320808410644531e-05,0.006925106048583984,0.002851247787475586,0.24070978164672852,0.011294126510620117,0.013601064682006836,0.011660099029541016
429,0.00011706352233886719,0.006685018539428711,0.0026590824127197266,0.2159421443939209,0.01207590103149414,0.01316976547241211,0.011904001235961914
430,7.081031799316406e-05,0.008561849594116211,0.002660989761352539,0.21475791931152344,0.00989389419555664,0.0106658935546875,0.012192964553833008
431,6.29425048828125e-05,0.008217096328735352,0.0027010440826416016,0.22629904747009277,0.010792016983032227,0.013129949569702148,0.011570930480957031
432,6.29425048828125e-05,0.01037287712097168,0.0027151107788085938,0.257587194442749,0.012859106063842773,0.011110782623291016,0.011840105056762695
433,8.893013000488281e-05,0.00820302963256836,0.002978086471557617,0.23602080345153809,0.010682821273803711,0.011007070541381836,0.011570215225219727
434,8.702278137207031e-05,0.007055997848510742,0.0030090808868408203,0.24934983253479004,0.011440277099609375,0.011593818664550781,0.01173090934753418
435,7.891654968261719e-05,0.007456064224243164,0.002707958221435547,0.2322859764099121,0.011028289794921875,0.011039018630981445,0.012119770050048828
436,0.00037097930908203125,0.006726980209350586,0.0028069019317626953,0.22457599639892578,0.010591983795166016,0.012017011642456055,0.011831998825073242
437,7.796287536621094e-05,0.006680011749267578,0.0026700496673583984,0.25336694717407227,0.01040792465209961,0.012098073959350586,0.011565208435058594
438,7.319450378417969e-05,0.007130146026611328,0.002705097198486328,0.22788619995117188,0.011506319046020508,0.010809898376464844,0.011645078659057617
439,7.510185241699219e-05,0.0066890716552734375,0.004417896270751953,0.2598731517791748,0.01000666618347168,0.011423826217651367,0.013092279434204102
440,7.128715515136719e-05,0.0067331790924072266,0.002862215042114258,0.2349700927734375,0.010094165802001953,0.010946035385131836,0.012399673461914062
441,7.390975952148438e-05,0.006765842437744141,0.0037941932678222656,0.28342103958129883,0.010127782821655273,0.010497808456420898,0.01260519027709961
442,7.295608520507812e-05,0.006829977035522461,0.002907276153564453,0.24256110191345215,0.010297060012817383,0.011709213256835938,0.01307988166809082
443,6.4849853515625e-05,0.006618022918701172,0.0026428699493408203,0.20636391639709473,0.010152101516723633,0.010608911514282227,0.014139175415039062
444,6.198883056640625e-05,0.0070230960845947266,0.0027379989624023438,0.27719807624816895,0.010648727416992188,0.010644197463989258,0.014064788818359375
445,0.000102996826171875,0.007781028747558594,0.0044400691986083984,0.251039981842041,0.0099029541015625,0.011004924774169922,0.013672828674316406
446,7.390975952148438e-05,0.006640911102294922,0.0027251243591308594,0.2064378261566162,0.010039806365966797,0.011760950088500977,0.012386083602905273
447,9.703636169433594e-05,0.0069370269775390625,0.002747774124145508,0.2402057647705078,0.00984501838684082,0.01246500015258789,0.011802196502685547
448,9.799003601074219e-05,0.006964921951293945,0.003442049026489258,0.23270797729492188,0.01022791862487793,0.011374950408935547,0.012939214706420898
449,9.083747863769531e-05,0.006898164749145508,0.0033910274505615234,0.22487974166870117,0.010088205337524414,0.010792970657348633,0.011989831924438477
450,8.296966552734375e-05,0.007310152053833008,0.0027718544006347656,0.23563599586486816,0.01138615608215332,0.012611865997314453,0.011651039123535156
451,7.700920104980469e-05,0.011220932006835938,0.0037093162536621094,0.24101805686950684,0.010408163070678711,0.011423826217651367,0.011619091033935547
452,8.511543273925781e-05,0.009684085845947266,0.002666950225830078,0.2424788475036621,0.009979963302612305,0.010560989379882812,0.012173652648925781
453,8.893013000488281e-05,0.015471220016479492,0.002744913101196289,0.20067811012268066,0.00983285903930664,0.012089729309082031,0.011777162551879883
454,0.0001010894775390625,0.010469913482666016,0.0037572383880615234,0.2888469696044922,0.010163068771362305,0.011726856231689453,0.011472940444946289
455,8.893013000488281e-05,0.01335763931274414,0.003607034683227539,0.2208700180053711,0.010437965393066406,0.014163017272949219,0.012214899063110352
456,0.00011897087097167969,0.00865483283996582,0.0027358531951904297,0.20592594146728516,0.010904073715209961,0.014365911483764648,0.012320995330810547
457,0.00011396408081054688,0.009344100952148438,0.002698183059692383,0.2287120819091797,0.01037287712097168,0.012171030044555664,0.011839151382446289
458,0.00013685226440429688,0.00691986083984375,0.004011869430541992,0.21944189071655273,0.010217905044555664,0.012511968612670898,0.011642217636108398
459,0.00010800361633300781,0.007163286209106445,0.0031392574310302734,0.21462392807006836,0.010313034057617188,0.01069784164428711,0.011661767959594727
460,7.772445678710938e-05,0.008136987686157227,0.005344867706298828,0.23833894729614258,0.012301921844482422,0.011909008026123047,0.012217044830322266
461,6.604194641113281e-05,0.006616115570068359,0.003302335739135742,0.2329869270324707,0.011910200119018555,0.013078689575195312,0.01208806037902832
462,6.413459777832031e-05,0.006745100021362305,0.003541231155395508,0.2069840431213379,0.01099395751953125,0.010445117950439453,0.012446880340576172
463,6.985664367675781e-05,0.007791757583618164,0.0036661624908447266,0.24071788787841797,0.011122941970825195,0.01587986946105957,0.01244807243347168
464,7.772445678710938e-05,0.0070421695709228516,0.0026481151580810547,0.2571747303009033,0.010797977447509766,0.010675907135009766,0.012668848037719727
465,7.700920104980469e-05,0.0068607330322265625,0.003882169723510742,0.2228379249572754,0.011348962783813477,0.011348962783813477,0.01230311393737793
466,8.58306884765625e-05,0.006768941879272461,0.004599094390869141,0.22469091415405273,0.011534929275512695,0.010534286499023438,0.01225590705871582
467,8.487701416015625e-05,0.007047891616821289,0.004675865173339844,0.25992918014526367,0.011095046997070312,0.010504961013793945,0.011529922485351562
468,0.00010180473327636719,0.006937265396118164,0.0044519901275634766,0.19720196723937988,0.010481119155883789,0.010476112365722656,0.011536836624145508
469,7.796287536621094e-05,0.007350921630859375,0.003473043441772461,0.22565460205078125,0.014526844024658203,0.010699033737182617,0.011957883834838867
470,7.295608520507812e-05,0.007560014724731445,0.0028688907623291016,0.2533271312713623,0.011295080184936523,0.010349035263061523,0.011877059936523438
471,8.296966552734375e-05,0.00738978385925293,0.002733945846557617,0.22322487831115723,0.01073312759399414,0.010998964309692383,0.011477947235107422
472,7.295608520507812e-05,0.007798671722412109,0.005415916442871094,0.22111988067626953,0.010872125625610352,0.010695934295654297,0.011920928955078125
473,9.799003601074219e-05,0.012338876724243164,0.003506183624267578,0.2091219425201416,0.010013341903686523,0.010706186294555664,0.012105941772460938
474,8.416175842285156e-05,0.008135318756103516,0.00559687614440918,0.2568628787994385,0.01056814193725586,0.010275125503540039,0.011763334274291992
475,6.890296936035156e-05,0.013597965240478516,0.002783060073852539,0.19545698165893555,0.010102987289428711,0.010404109954833984,0.011703014373779297
476,7.724761962890625e-05,0.01076507568359375,0.004874229431152344,0.22356677055358887,0.009644031524658203,0.010571956634521484,0.012084007263183594
477,7.295608520507812e-05,0.014973163604736328,0.0035810470581054688,0.2193295955657959,0.010282039642333984,0.010370016098022461,0.01176595687866211
478,7.128715515136719e-05,0.014457225799560547,0.0031261444091796875,0.20966887474060059,0.011003255844116211,0.010431051254272461,0.011780023574829102
479,6.389617919921875e-05,0.008665084838867188,0.0028569698333740234,0.23013615608215332,0.009965658187866211,0.010712862014770508,0.012279987335205078
480,6.914138793945312e-05,0.007939815521240234,0.002767801284790039,0.20441198348999023,0.009953022003173828,0.010357856750488281,0.012869834899902344
481,6.29425048828125e-05,0.006821870803833008,0.002714872360229492,0.23458099365234375,0.010322093963623047,0.011035919189453125,0.012489080429077148
482,7.510185241699219e-05,0.007193088531494141,0.0026788711547851562,0.2101278305053711,0.010540962219238281,0.01242208480834961,0.013284921646118164
483,7.200241088867188e-05,0.007146120071411133,0.0027136802673339844,0.22711896896362305,0.010447978973388672,0.011996269226074219,0.014286041259765625
484,7.200241088867188e-05,0.007720947265625,0.0027229785919189453,0.23815083503723145,0.010391950607299805,0.010693073272705078,0.013622045516967773
485,7.295608520507812e-05,0.0083770751953125,0.0028107166290283203,0.21835088729858398,0.010138750076293945,0.010617256164550781,0.012428998947143555
486,6.008148193359375e-05,0.008352994918823242,0.0026907920837402344,0.2186450958251953,0.0110321044921875,0.010535001754760742,0.01395726203918457
487,7.176399230957031e-05,0.00795888900756836,0.0026557445526123047,0.22092223167419434,0.009735822677612305,0.01018071174621582,0.01211690902709961
488,6.175041198730469e-05,0.007606029510498047,0.002625703811645508,0.22742772102355957,0.009755134582519531,0.010470151901245117,0.011699914932250977
489,6.914138793945312e-05,0.013700008392333984,0.0026509761810302734,0.20022082328796387,0.010087013244628906,0.01057887077331543,0.013876914978027344
490,6.103515625e-05,0.008468151092529297,0.0027303695678710938,0.2283468246459961,0.010240793228149414,0.010272026062011719,0.01420903205871582
491,6.985664367675781e-05,0.007170915603637695,0.002602815628051758,0.24963712692260742,0.010158777236938477,0.01041412353515625,0.012846946716308594
492,6.985664367675781e-05,0.0075337886810302734,0.0026662349700927734,0.2629220485687256,0.01024174690246582,0.010376930236816406,0.011435985565185547
493,6.222724914550781e-05,0.0074613094329833984,0.002643108367919922,0.21392107009887695,0.010066032409667969,0.011394262313842773,0.01157522201538086
494,0.00014901161193847656,0.007350921630859375,0.0026731491088867188,0.21880507469177246,0.010020017623901367,0.010582208633422852,0.012057781219482422
495,7.605552673339844e-05,0.0073320865631103516,0.0026760101318359375,0.19634509086608887,0.00979924201965332,0.014389991760253906,0.01170492172241211
496,7.772445678710938e-05,0.0071260929107666016,0.0026481151580810547,0.2037181854248047,0.010045766830444336,0.013926267623901367,0.015753984451293945
497,0.00010800361633300781,0.007154941558837891,0.002568960189819336,0.21934890747070312,0.009743928909301758,0.011133909225463867,0.01184988021850586
498,6.818771362304688e-05,0.007262229919433594,0.0027458667755126953,0.21515297889709473,0.009901046752929688,0.012138128280639648,0.011961936950683594
499,7.009506225585938e-05,0.007847785949707031,0.0032930374145507812,0.22166705131530762,0.010172128677368164,0.011971712112426758,0.01166391372680664
